test,i
test1,0.000000
test2,0.000000
test3,0.000000
test4,0.000000
test5,31390.000000
test6,519259.000000
test7,6507725.000000
test8,139424785.000000
test9,