test,i
test1,2352.000000
test2,6335.000000
test3,9711.000000
test4,26939.000000
test5,64640.000000
test6,285618.000000
test7,1853454.000000
test8,24915800.000000
test9,